Model,Self_Distance_Baseline
PCA,1.1774046232502986
VAE,0.7074536502361297
