Model,Self_Distance_Baseline
PCA,1.191793205350146
VAE,0.7269556249244303
