Model,Self_Distance_Baseline
PCA,1.1745866691296871
VAE,0.7472418453874468
